,eid,gid,name
0,1,0,
1,2,0,
2,3,0,
3,4,0,
4,5,0,
5,6,0,
6,7,0,
7,8,0,Nederlandse Kampioenschappen
8,9,0,
9,10,0,
10,11,0,
11,12,0,Provinciaal Kampioenschap Utrecht
12,13,0,Provinciaal Kampioenschap Noord-Brabant
13,14,0,World Championships
14,15,0,
15,16,0,
16,17,0,Nederlandse Kampioenschappen
17,18,0,
18,19,0,
19,20,0,"Provinciaal Kampioenschap Gelderland, Eredivisie"
20,21,0,
21,22,0,
22,23,0,
23,24,0,
24,25,0,Deutsche Meisterschaften
25,26,0,"Provinciaal Kampioenschap Utrecht, Eredivisie"
26,27,0,Provinciaal Kampioenschap Noord-Brabant
27,28,0,World Championships
28,29,0,
29,30,0,
30,30,1,
31,31,0,Nederlandse Kampioenschappen
32,31,1,"Nederlandse Kampioenschappen, Jeugd"
33,32,0,Spielemesse Essen
34,33,0,
35,34,0,Masters
36,34,1,Masters
37,35,0,
38,35,1,
39,36,0,
40,36,1,
41,36,2,
42,36,3,
43,37,0,
44,38,0,
45,39,0,
46,39,1,
47,40,0,Provinciaal Kampioenschap Gelderland
48,41,0,
49,42,0,
50,42,1,
51,42,2,
52,42,3,
53,43,0,
54,44,0,
55,45,0,
56,45,1,
57,45,2,
58,45,3,
59,46,0,
60,46,1,
61,47,0,Deutsche Meisterschaften
62,47,1,
63,48,0,"Provinciaal Kampioenschap Utrecht, Eredivisie"
64,48,1,Provinciaal Kampioenschap Utrecht
65,49,0,"1. Bergische Meisterschaften, Senioren"
66,49,1,"1. Bergische Meisterschaften, Junioren"
67,50,0,
68,50,1,
69,50,2,
70,51,0,
71,51,1,
72,52,0,World Championships
73,52,1,"World Championships, Open Tournament"
74,53,0,
75,53,1,
76,53,2,
77,54,0,Provinciaal Kampioenschap Noord-Brabant
78,54,1,"Provinciaal Kampioenschap Noord-Brabant, Jeugd"
79,55,0,
80,56,0,
81,57,0,Nederlandse Kampioenschappen
82,57,1,"Nederlandse Kampioenschappen, Jeugd"
83,58,0,
84,59,0,Belgian Championship
85,60,0,Masters
86,61,0,
87,62,0,
88,62,1,
89,62,2,
90,63,0,
91,63,1,
92,64,0,
93,65,0,
94,66,0,"Provinciaal Kampioenschap Gelderland, Jeugd"
95,66,1,Provinciaal Kampioenschap Gelderland
96,67,0,
97,67,1,
98,67,2,
99,68,0,"2. Bergische Meisterschaften, Senioren"
100,68,1,"2. Bergische Meisterschaften, Junioren"
101,69,0,
102,70,0,
103,71,0,
104,71,1,
105,71,2,
106,72,0,
107,72,1,
108,73,0,
109,73,1,
110,73,2,
111,74,0,
112,75,0,
113,76,0,"Provinciaal Kampioenschap Utrecht, Eredivisie"
114,76,1,Provinciaal Kampioenschap Utrecht
115,76,2,"Provinciaal Kampioenschap Utrecht, Jeugd"
116,77,0,
117,77,1,
118,78,0,
119,78,1,
120,79,0,
121,80,0,
122,81,0,
123,82,0,
124,83,0,
125,83,1,
126,84,0,World Championships
127,84,1,"World Championships, Open Tournament"
128,85,0,
129,86,0,
130,87,0,Provinciaal Kampioenschap Noord-Brabant
131,88,0,
132,89,0,Nederlandse Kampioenschappen
133,89,1,"Nederlandse Kampioenschappen, Jeugd"
134,90,0,Deutsche Meisterschaften
135,91,0,
136,92,0,Fahnenkiller Winterturnier 2000
137,93,0,
138,94,0,"Clubtournament (De Verkenners), unrated"
139,95,0,
140,96,0,
141,97,0,"Masters, Juniors"
142,97,1,"Masters, Senior"
143,98,0,
144,99,0,
145,100,0,3. Bergische Meisterschaften
146,101,0,
147,102,0,
148,103,0,Provinciaal Kampioenschap Noord-Brabant
149,103,1,"Provinciaal Kampioenschap Noord-Brabant, Eredivisie"
150,103,2,"Provinciaal Kampioenschap Noord-Brabant, Jeugd"
151,104,0,"Provinciaal Kampioenschap Gelderland, Jeugd"
152,104,1,Provinciaal Kampioenschap Gelderland
153,105,0,
154,106,0,1. Berliner Stadtmeisterschaft
155,107,0,"Provinciaal Kampioenschap Utrecht, Eredivisie"
156,107,1,Provinciaal Kampioenschap Utrecht
157,108,0,Provinciaal Kampioenschap Limburg
158,108,1,Provinciaal Kampioenschap Limburg
159,108,2,Provinciaal Kampioenschap Limburg
160,109,0,
161,110,0,
162,111,0,
163,111,1,
164,112,0,"World Championships, 1. Anfängerturnier"
165,112,1,World Championships
166,112,2,"World Championships, 2. Anfängerturnier"
167,112,3,"World Championships, Juniors"
168,113,0,2. Schnuffel Open
169,114,0,
170,114,1,
171,115,0,
172,115,1,
173,116,0,Nederlandse Kampioenschappen
174,116,1,"Nederlandse Kampioenschappen, Jeugd"
175,117,0,Deutsche Meisterschaften
176,118,0,Fahnenkiller Winterturnier 2001
177,119,0,Belgian Championship
178,120,0,
179,121,0,
180,122,0,
181,123,0,
182,123,1,
183,124,0,
184,125,0,
185,126,0,
186,127,0,
187,128,0,Provinciaal Kampioenschap Gelderland
188,128,1,"Provinciaal Kampioenschap Gelderland, Jeugd"
189,129,0,"4. Bergische Meisterschaften, Junioren"
190,129,1,"4. Bergische Meisterschaften, Senioren"
191,130,0,
192,131,0,
193,132,0,
194,133,0,
195,134,0,
196,135,0,
197,136,0,
198,137,0,
199,138,0,
200,139,0,2. Berliner Stadtmeisterschaft
201,140,0,Provinciaal Kampioenschap Utrecht
202,141,0,
203,142,0,
204,143,0,Provinciaal Kampioenschap Zuid-Holland
205,144,0,"Provinciaal Kampioenschap Noord-Brabant, Jeugd"
206,144,1,Provinciaal Kampioenschap Noord-Brabant
207,145,0,"World Championships, Beginner’s Tournament"
208,146,0,World Championships
209,146,1,"World Championships, Juniors"
210,147,0,Provinciaal Kampioenschap Limburg
211,147,1,Provinciaal Kampioenschap Limburg
212,148,0,
213,148,1,
214,149,0,
215,150,0,
216,150,1,
217,151,0,
218,152,0,Nederlandse Kampioenschappen
219,152,1,"Nederlandse Kampioenschappen, Jeugd"
220,153,0,Deutsche Meisterschaften
221,154,0,
222,155,0,
223,155,1,
224,156,0,
225,157,0,
226,158,0,Fahnenkiller Winterturnier 2003
227,159,0,
228,160,0,
229,160,1,
230,161,0,"Чемпіонат України з гри Стратего, Ukrainian Championships for the game Stratego"
231,162,0,
232,163,0,
233,163,1,
234,164,0,
235,165,0,
236,166,0,5. Bergische Meisterschaften
237,167,0,Provinciaal Kampioenschap Gelderland
238,167,1,"Provinciaal Kampioenschap Gelderland, Jeugd"
239,168,0,3. Berliner Stadtmeisterschaft
240,168,1,3. Berliner Stadtmeisterschaft
241,169,0,
242,169,1,
243,170,0,Provinciaal Kampioenschap Utrecht
244,170,1,"Provinciaal Kampioenschap Utrecht, Jeugd"
245,171,0,
246,172,0,"Provinciaal Kampioenschap Noord-Brabant, Jeugd"
247,172,1,Provinciaal Kampioenschap Noord-Brabant
248,173,0,
249,174,0,
250,174,1,
251,175,0,Provinciaal Kampioenschap Limburg
252,175,1,Provinciaal Kampioenschap Limburg
253,176,0,
254,177,0,
255,178,0,
256,179,0,"Deutsche Meisterschaften, Senioren"
257,179,1,"Deutsche Meisterschaften, Junioren"
258,180,0,
259,180,1,
260,181,0,
261,182,0,
262,183,0,
263,183,1,
264,184,0,"Nederlandse Kampioenschappen, Jeugd"
265,184,1,Nederlandse Kampioenschappen
266,185,0,World Championships
267,185,1,
268,186,0,
269,186,1,
270,187,0,
271,188,0,
272,188,1,
273,189,0,"Чемпіонат України з гри Стратего, Ukrainian Championships for the game Stratego"
274,190,0,"Provinciaal Kampioenschap Noord-Brabant, Eredivisie"
275,190,1,Provinciaal Kampioenschap Noord-Brabant
276,190,2,"Provinciaal Kampioenschap Noord-Brabant, Jeugd"
277,191,0,6. Bergische Meisterschaften
278,192,0,Provinciaal Kampioenschap Gelderland
279,192,1,"Provinciaal Kampioenschap Gelderland, Jeugd"
280,193,0,
281,194,0,
282,195,0,
283,196,0,
284,197,0,
285,197,1,
286,197,2,
287,198,0,
288,198,1,
289,199,0,"Provinciaal Kampioenschap Utrecht, Eredivisie"
290,199,1,Provinciaal Kampioenschap Utrecht
291,199,2,"Provinciaal Kampioenschap Utrecht, Jeugd"
292,200,0,4. Berliner Stadtmeisterschaft
293,201,0,
294,202,0,Antwerp Open
295,203,0,World Championships
296,203,1,"World Championships, Juniors"
297,204,0,
298,205,0,
299,205,1,
300,206,0,Nederlandse Kampioenschappen
301,206,1,
302,207,0,Belgian Championship
303,208,0,Deutsche Meisterschaften
304,209,0,Fahnenkiller Winterturnier 2004
305,210,0,
306,210,1,
307,211,0,
308,212,0,
309,213,0,
310,213,1,
311,214,0,"Чемпіонат України з гри Стратего, Ukrainian Championships for the game Stratego"
312,214,1,
313,215,0,Southern Norway Stratego Championship
314,216,0,"Provinciaal Kampioenschap Noord-Brabant, Jeugd"
315,216,1,Provinciaal Kampioenschap Noord-Brabant
316,216,2,"Provinciaal Kampioenschap Noord-Brabant, Eredivisie"
317,217,0,"7. Bergische Meisterschaften, Junioren"
318,217,1,"7. Bergische Meisterschaften, Senioren"
319,218,0,Ⅰ. Kostopil Championship
320,218,1,
321,219,0,5. Berliner Stadtmeisterschaft
322,219,1,5. Berliner Stadtmeisterschaft
323,220,0,Provinciaal Kampioenschap Utrecht
324,221,0,
325,222,0,Provinciaal Kampioenschap Zuid-Holland
326,223,0,
327,223,1,
328,224,0,
329,225,0,Stratego auf dem Bauernhof
330,226,0,Inofficial World Championship at the MSO
331,227,0,Provinciaal Kampioenschap Gelderland
332,228,0,
333,229,0,10th Napoleon Open
334,230,0,
335,231,0,
336,232,0,
337,233,0,Nederlandse Kampioenschappen
338,233,1,"Nederlandse Kampioenschappen, Jeugd"
339,234,0,"Deutsche Meisterschaften, Senioren"
340,234,1,"Deutsche Meisterschaften, Junioren"
341,235,0,Belgian Championship
342,236,0,Fahnenkiller Winterturnier 2005
343,237,0,
344,238,0,Kostopil Rating Competitions
345,239,0,
346,239,1,
347,239,2,
348,240,0,"Чемпіонат України з гри Стратего, Ukrainian Championships for the game Stratego"
349,240,1,"Чемпіонат України з гри Стратего, Ukrainian Championships (Side Tournament)"
350,241,0,Southern Norway Stratego Championship
351,242,0,"Provinciaal Kampioenschap Noord-Brabant, Eredivisie"
352,242,1,Provinciaal Kampioenschap Noord-Brabant
353,243,0,"8. Bergische Meisterschaften, Senioren"
354,243,1,"8. Bergische Meisterschaften, Junioren"
355,243,2,"8. Bergische Meisterschaften, Junioren Stechen"
356,244,0,
357,245,0,
358,246,0,
359,247,0,
360,248,0,
361,249,0,Provinciaal Kampioenschap Utrecht
362,250,0,6. Berliner Stadtmeisterschaft
363,251,0,1. Frankfurt Open
364,252,0,Provinciaal Kampioenschap Zuid-Holland
365,253,0,Fahnenkiller Sommerturnier
366,254,0,
367,255,0,Stratego auf dem Bauernhof
368,256,0,World Championships
369,256,1,World Championships
370,257,0,"World Championships, Antwerp Open"
371,258,0,Mind Sport Olympiad
372,259,0,Provinciaal Kampioenschap Gelderland
373,260,0,Schnuffel Open
374,261,0,Provinciaal Kampioenschap Limburg
375,262,0,Nederlandse Kampioenschappen
376,263,0,Deutsche Meisterschaften
377,264,0,
378,265,0,Fahnenkiller Winterturnier 2006
379,266,0,
380,267,0,Southern Norway Stratego Championship
381,268,0,Provinciaal Kampioenschap Noord-Brabant
382,268,1,Provinciaal Kampioenschap Noord-Brabant
383,268,2,Provinciaal Kampioenschap Noord-Brabant
384,269,0,"Ⅲ. Kostopil Championship, players under 12 years"
385,269,1,Ⅲ. Kostopil Championship
386,270,0,9. Bergische Meisterschaften
387,271,0,Provinciaal Kampioenschap Limburg
388,272,0,"Чемпіонат України з гри Стратего, Ukrainian Championships for the game Stratego"
389,272,1,"Чемпіонат України з гри Стратего, Ukrainian Championships (Side Tournament)"
390,273,0,7. Berliner Stadtmeisterschaft
391,274,0,"Ⅰ. Чемпіонату України серед жінок, Ukrainian Championships For Women"
392,274,1,Open Rivne Provincial Championship
393,275,0,Provinciaal Kampioenschap Utrecht
394,276,0,Stratego auf dem Bauernhof
395,277,0,Provinciaal Kampioenschap Zuid-Holland
396,278,0,
397,279,0,Fahnenkiller Sommerturnier
398,280,0,World Championships
399,281,0,"World Championships, Antwerp Open"
400,282,0,Provinciaal Kampioenschap Gelderland
401,283,0,2. Frankfurt Open
402,284,0,Nederlandse Kampioenschappen
403,285,0,
404,286,0,Deutsche Meisterschaften
405,287,0,Fahnenkiller Winterturnier 2007/2008
406,288,0,"Åpent Norsk Mesterskapet i Stratego, 1st Norwegian Open Championships"
407,289,0,
408,290,0,"Provinciaal Kampioenschap Noord-Brabant, Eredivisie"
409,290,1,Provinciaal Kampioenschap Noord-Brabant
410,290,2,"Provinciaal Kampioenschap Noord-Brabant, Jeugd"
411,291,0,"Чемпіонат України з гри Стратего, Ukrainian Championships for the game Stratego"
412,291,1,"Ⅱ. Чемпіонату України серед жінок, Ukrainian Championships For Women"
413,291,2,
414,292,0,10. Bergische Meisterschaften
415,293,0,Ⅳ. Kostopil Championship
416,294,0,"Provinciaal Kampioenschap Gelderland, Eredivisie"
417,294,1,Provinciaal Kampioenschap Gelderland
418,295,0,British Open
419,296,0,8. Berliner Stadtmeisterschaft
420,297,0,"Provinciaal Kampioenschap Limburg, Eerste Divisie"
421,297,1,"Provinciaal Kampioenschap Limburg, Jeugd"
422,298,0,Jumbo Open i Stratego
423,299,0,Stratego auf dem Bauernhof
424,299,1,Stratego auf dem Bauernhof
425,300,0,Provinciaal Kampioenschap Zuid-Holland
426,300,1,Provinciaal Kampioenschap Zuid-Holland
427,301,0,
428,302,0,
429,303,0,"World Championships, Women"
430,303,1,"World Championships, Juniors"
431,303,2,"Відкритий чемпіонат Рівного з Стратего, Rivne Open (Stratego Championships)"
432,304,0,World Championships
433,305,0,"World Championships, Team Competition"
434,306,0,Mind Sport Olympiad
435,307,0,Provinciaal Kampioenschap Noord-Holland
436,308,0,3. Frankfurt Open
437,309,0,Antwerp Open
438,310,0,1. Münsterländer Strategoturnier
439,311,0,"Nederlandse Kampioenschappen, Jeugd"
440,311,1,Breda Open
441,312,0,Deutsche Meisterschaften
442,312,1,"Deutsche Meisterschaften, Junioren"
443,313,0,Nederlandse Kampioenschappen
444,314,0,UK Championships
445,314,1,UK Championships
446,315,0,Sambreville
447,316,0,Venray Wintertoernooi
448,317,0,Club Tournament
449,318,0,Beginner’s Tournament
450,319,0,Oosterhout (NB) junioren toernooi ism Stichting Hiks
451,320,0,"Åpent Norsk Mesterskapet i Stratego, 2nd Norwegian Open Championships"
452,321,0,"Provinciaal Kampioenschap Noord-Brabant, Jeugd"
453,321,1,Provinciaal Kampioenschap Noord-Brabant
454,322,0,
455,323,0,11. Bergische Meisterschaften
456,324,0,Ⅴ. Kostopil Championship
457,325,0,Provinciaal Kampioenschap Gelderland
458,325,1,"Provinciaal Kampioenschap Gelderland, Jeugd"
459,326,0,Antwerp Open
460,327,0,9. Berliner Stadtmeisterschaft
461,328,0,Provinciaal Kampioenschap Overijssel
462,329,0,Stratego auf dem Bauernhof
463,329,1,Stratego auf dem Bauernhof
464,330,0,Provinciaal Kampioenschap Zuid-Holland
465,331,0,Open Latvian Stratego Championship
466,332,0,International Tournament in Kostopil
467,333,0,Provinciaal Kampioenschap Limburg
468,334,0,"World Championships, Weltmeisterschaften Senioren"
469,334,1,"World Championships, Juniors"
470,335,0,"World Championships, Open Gladbecker Tournament"
471,336,0,Arendal Stratego Open
472,337,0,British Open
473,338,0,
474,339,0,4. Frankfurt Open
475,340,0,Provinciaal Kampioenschap Noord-Holland
476,340,1,Provinciaal Kampioenschap Noord-Holland
477,341,0,2. Münsterländer Strategoturnier
478,342,0,Breda Open
479,342,1,"Nederlandse Kampioenschappen, Jeugd"
480,343,0,Nederlandse Kampioenschappen
481,344,0,Belgian Championship
482,345,0,Deutsche Meisterschaften
483,346,0,Nijmegen Open
484,347,0,"Чемпіонат України з гри Стратего, Ukrainian Championships for the game Stratego"
485,347,1,"Ⅲ. Чемпіонату України серед жінок, Ukrainian Championships For Women"
486,348,0,
487,349,0,HIKS toernooi
488,350,0,Provinciaal Kampioenschap Overijssel
489,351,0,
490,352,0,Provinciaal Kampioenschap Gelderland
491,353,0,"12. Bergische Meisterschaften, Senioren"
492,353,1,"12. Bergische Meisterschaften, Junioren"
493,353,2,"12. Bergische Meisterschaften, Junioren Stechen"
494,354,0,Kostopil Junior Championship
495,355,0,British Open
496,356,0,Provinciaal Kampioenschap Noord-Brabant
497,356,1,Provinciaal Kampioenschap Noord-Brabant
498,357,0,10. Berliner Stadtmeisterschaft
499,358,0,Stratego auf dem Bauernhof
500,358,1,Stratego auf dem Bauernhof
501,359,0,Provinciaal Kampioenschap Limburg
502,360,0,World Championships
503,360,1,"World Championships, Juniors"
504,361,0,"World Championships, Maastricht Open"
505,362,0,
506,363,0,1. Pfälzer Open
507,364,0,Provinciaal Kampioenschap Noord-Holland
508,365,0,"Чемпіонат України з гри Стратего, Ukrainian Championships for the game Stratego"
509,366,0,Stratego Rating Tournament
510,367,0,1er Championnat de Namur
511,368,0,Breda Open
512,368,1,"Nederlandse Kampioenschappen, Jeugd"
513,369,0,3. Münsterländer Strategoturnier
514,370,0,Belgian Championship
515,370,1,"Belgian Championship, Extended round"
516,371,0,Deutsche Meisterschaften
517,372,0,Nederlandse Kampioenschappen
518,373,0,"Ⅳ. Чемпіонату України серед жінок, Ukrainian Championships For Women"
519,374,0,Fahnenkiller Winterturnier 2010/2011
520,375,0,
521,376,0,
522,377,0,Provinciaal Kampioenschap Overijssel
523,378,0,1er Trophée de la Basse-Sambre
524,379,0,Ⅵ. Kostopil Championship
525,380,0,"13. Bergische Meisterschaften, Junioren"
526,380,1,"13. Bergische Meisterschaften, Senioren"
527,381,0,Provinciaal Kampioenschap Noord-Brabant
528,381,1,Provinciaal Kampioenschap Noord-Brabant
529,382,0,2ème Championnat de Namur
530,383,0,11. Berliner Stadtmeisterschaft
531,384,0,Provinciaal Kampioenschap Noord-Holland
532,385,0,
533,386,0,Provinciaal Kampioenschap Gelderland
534,387,0,1ère Coupe de Belgique
535,388,0,"World Championships, Individual Classic Seniors"
536,388,1,"World Championships, Individual Classic Juniors"
537,389,0,"World Championships, Newcastle Open Classic Tournament"
538,390,0,Breda Open
539,391,0,2. Pfälzer Open
540,392,0,Beginner’s Tournament Czech Republic
541,393,0,Antwerp Open
542,393,1,Antwerp Open
543,394,0,International Stratego tournament
544,395,0,Nederlandse Kampioenschappen
545,396,0,"Deutsche Meisterschaften, Senioren"
546,396,1,"Deutsche Meisterschaften, Junioren"
547,397,0,Belgian Championship
548,398,0,Чемпіонат України з гри Стратего
549,399,0,
550,399,1,
551,400,0,Provinciaal Kampioenschap Overijssel
552,401,0,Limburg Open
553,402,0,14. Bergische Meisterschaften
554,403,0,Ⅶ. Kostopil Championship
555,404,0,Provinciaal Kampioenschap Zuid-Holland
556,405,0,Antwerp Open
557,406,0,Final Zhukovsky Championships Stratego
558,407,0,12. Berliner Stadtmeisterschaft
559,408,0,Brabant Open
560,409,0,Mind Sport Olympiad
561,410,0,"World Championships, Classic Juniors"
562,410,1,"World Championships, Individual Classic Seniors"
563,411,0,"World Championships, Haastrecht Open"
564,412,0,3. Pfälzer Open
565,413,0,
566,414,0,Provinciaal Kampioenschap Gelderland
567,415,0,1er Championnat de Wallonie
568,416,0,"J.H.Fuhr Cup, Hessische Meisterschaften"
569,417,0,Flemish Championships
570,418,0,Open French Championships
571,419,0,"Deutsche Meisterschaften, Senioren"
572,419,1,"Deutsche Meisterschaften, Junioren"
573,420,0,Nederlandse Kampioenschappen
574,421,0,Belgian Championship
575,422,0,Fahnenkiller Winterturnier 2012
576,422,1,Fahnenkiller Winterturnier 2012
577,423,0,Ⅰ Open Club Tournament ”Weg der Victorie”
578,424,0,Tallinn Open Stratego Tournament
579,425,0,Masters
580,426,0,"Åpent Norsk Mesterskapet i Stratego, 3rd Norwegian Open Championships"
581,427,0,Provinciaal Kampioenschap Overijssel
582,428,0,
583,429,0,1st Open Tournament Festival des Jeux
584,430,0,
585,431,0,
586,432,0,2nd Macedonian Championships
587,432,1,2nd Macedonian Championships
588,433,0,15. Bergische Meisterschaften
589,434,0,Provinciaal Kampioenschap Zuid-Holland
590,435,0,Frühjahrsturnier 2013
591,436,0,Antwerp Open
592,437,0,13. Berliner Stadtmeisterschaft
593,438,0,Erfurt Open
594,439,0,Verjaardagstoernooi
595,440,0,Ⅷ. Kostopil Championship
596,441,0,Mind Sport Olympiad
597,442,0,"World Championships, Classic Seniors"
598,442,1,"World Championships, Individual Classic Juniors"
599,443,0,"World Championships, Berlin Open"
600,444,0,4. Pfälzer Open
601,445,0,"Відкритий чемпіонат Рівного з Стратего, Rivne Open Stratego Championships"
602,446,0,International Tournament in Kostopil
603,447,0,Provinciaal Kampioenschap Gelderland
604,448,0,Ⅲ Czech Open National Championships
605,449,0,Paris Open
606,450,0,2ème Championnat de Wallonie
607,451,0,Deutsche Meisterschaften
608,452,0,Nederlandse Kampioenschappen
609,452,1,"Nederlandse Kampioenschappen, Jeugd"
610,453,0,Belgian Championship
611,454,0,"Ⅱ Open Club Tournament “Weg der Victorie”, Schiedam"
612,455,0,Provinciaal Kampioenschap Overijssel
613,455,1,Provinciaal Kampioenschap Overijssel
614,456,0,
615,457,0,16. Bergische Meisterschaften
616,458,0,Provinciaal Kampioenschap Zuid-Holland
617,458,1,"Provinciaal Kampioenschap Zuid-Holland, Jeugd"
618,459,0,14. Berliner Stadtmeisterschaft
619,460,0,Ⅰ. Basque National Stratego Championship 2014
620,461,0,Provinciaal Kampioenschap Noord-Brabant
621,462,0,Kostopil International Tournament
622,463,0,Breiholz Open
623,464,0,Mind Sport Olympiad
624,465,0,
625,466,0,"World Championships, Individual Classic Seniors"
626,466,1,"World Championships, Individual Classic Juniors"
627,467,0,Hessische Meisterschaft im Brettspiel „Stratego” (geschlossenes Turnier: ausschließlich Hessische Teilnehmer)
628,468,0,"World Championships, Thessaloniki Open"
629,469,0,Provinciaal Kampioenschap Gelderland
630,470,0,5. Pfälzer Open
631,471,0,Flanders Open
632,472,0,Third Open French Championships
633,473,0,Deutsche Meisterschaften
634,474,0,Nederlandse Kampioenschappen
635,474,1,"Nederlandse Kampioenschappen, Jeugd"
636,475,0,BSC Baronnen Open Anniversary Cup
637,476,0,"Чемпіонат України з гри Стратего,  «Турнір національної єдності» (Tournament of the National Unity)"
638,477,0,Basque Open tournament
639,478,0,Belgian Championship
640,479,0,EGC Open Tournament
641,480,0,
642,481,0,Ⅰ. Eneko Aritza Stratego Tournament 2015
643,482,0,
644,483,0,"Provinciaal Kampioenschap Overijssel, Senioren"
645,483,1,"Provinciaal Kampioenschap Overijssel, Jeugd"
646,484,0,
647,485,0,Provinciaal Kampioenschap Noord-Brabant
648,485,1,"Provinciaal Kampioenschap Noord-Brabant, Jeugd"
649,486,0,Championnat de Wallonie
650,487,0,17. Bergische Meisterschaften
651,488,0,Provinciaal Kampioenschap Limburg
652,489,0,16. Berliner Turnier
653,490,0,Senior Tournament Thessaloniki
654,491,0,Coupe de Belgique
655,492,0,Ⅱ. Basque National Stratego Championship 2015
656,493,0,Provinciaal Kampioenschap Zuid-Holland
657,493,1,"Provinciaal Kampioenschap Zuid-Holland, Jeugd"
658,494,0,EGC De Vos Recycling Dutch Grand Prix
659,495,0,EGC Wallonian Grand Prix
660,496,0,"World Championships, Individual Classic Seniors"
661,496,1,"World Championships, Individual Classic Juniors"
662,497,0,"World Championships, Open Tournament"
663,498,0,6. Pfälzer Open
664,499,0,Provinciaal Kampioenschap Gelderland
665,500,0,Greek National Stratego Championship 2015
666,501,0,EGC Basque Country Grand Prix
667,502,0,EGC Flanders Grand Prix
668,503,0,Antso Nagusia Stratego Tournament
669,504,0,Nederlandse Kampioenschappen
670,504,1,"Nederlandse Kampioenschappen, Jeugd"
671,505,0,Belgian Championship
672,506,0,Deutsche Meisterschaften
673,507,0,"Чемпіонат України з гри Стратего, «Турнір національної єдності» (Tournament of the National Unity)"
674,508,0,EGC France Grand Prix & Open French Championships
675,509,0,Ⅰ. Jaun Zuria Stratego Tournament
676,510,0,EGC Rotterdam Invitation Tournament (second group)
677,510,1,EGC De Vos Recycling Grand Prix Final
678,511,0,Trophée de la Basse-Sambre 2015
679,512,0,
680,513,0,Ⅱ. Eneko Aritza Stratego Tournament 2016
681,514,0,Patras Battles 2016
682,515,0,Provinciaal Kampioenschap Friesland
683,516,0,EGC Wallonian Grand Prix
684,517,0,Flanders Open International Tournament
685,518,0,18. Bergische Meisterschaften
686,519,0,Provinciaal Kampioenschap Zuid-Holland
687,520,0,Dutch EGC Grand Prix
688,521,0,17. Berliner Turnier
689,522,0,Ⅲ. Basque National Stratego Championship 2016
690,523,0,Senior Tournament Thessaloniki
691,524,0,Provinciaal Kampioenschap Noord-Brabant
692,525,0,Basque Open International Tournament
693,526,0,Міжнародна товариська зустріч з гри Stratego
694,527,0,World Championships
695,527,1,"World Championships, Juniors"
696,528,0,7. Pfälzer Open
697,529,0,EGC French Open International Tournament
698,530,0,OPEN Athens
699,531,0,Provinciaal Kampioenschap Gelderland
700,531,1,"Provinciaal Kampioenschap Gelderland, Jeugd"
701,531,2,"Provinciaal Kampioenschap Gelderland, Jeugd"
702,532,0,Open Patras
703,533,0,
704,534,0,EGC Cup Tournament BSC De Baronnen
705,534,1,EGC Cup Tournament BSC De Baronnen
706,535,0,Nederlandse Kampioenschappen
707,535,1,"Nederlandse Kampioenschappen, Jeugd"
708,536,0,Belgian Championship
709,537,0,Greek National Stratego Championship 2016
710,538,0,Deutsche Meisterschaften
711,539,0,EGC Greek Grand Prix Thessaloniki
712,540,0,Student Patras 2016
713,541,0,Ⅱ. Jaun Zuria Stratego Tournament 2016
714,542,0,EGC De Vos Recycling Grand Prix Final
715,543,0,Stratego Captains Athens
716,544,0,Junior Christmas tournament
717,545,0,The Masters (Top 32 Ranking 2017-01-01)
718,546,0,Provinciaal Kampioenschap Friesland
719,547,0,EGC Dutch GP
720,548,0,Coupe de Belgique 2017
721,549,0,Frankfurt Open
722,550,0,19. Bergische Meisterschaften
723,551,0,Provinciaal Kampioenschap Zuid-Holland
724,551,1,Provinciaal Kampioenschap Zuid-Holland
725,552,0,Championnat de Wallonie
726,553,0,Patras Battles 2017
727,554,0,EGC Flemish Open Tournament
728,555,0,Ⅳ. Basque National Stratego Championship 2017
729,556,0,18. Berliner Turnier
730,557,0,EGC Wallonian Grand Prix
731,558,0,
732,559,0,OPEN Athens
733,560,0,Provinciaal Kampioenschap Noord-Brabant
734,560,1,Bekertoernooi Baronnen
735,560,2,Provinciaal Kampioenschap Noord-Brabant
736,561,0,Breiholz Open
737,562,0,Provinciaal Kampioenschap Junioren Hulshout
738,563,0,World Championships
739,564,0,Mind Sport Olympiad
740,565,0,"World Championships, Juniors"
741,565,1,"World Championships, Open Tournament"
742,566,0,EGC Flanders Grand Prix
743,566,1,EGC Flanders Grand Prix
744,567,0,8. Pfälzer Open
745,568,0,Provinciaal Kampioenschap Gelderland
746,569,0,Open Patras Oct2017
747,570,0,2nd Open Serres’ Stratego Tournament
748,570,1,1st Junior Open Serres’ Stratego Tournament
749,571,0,EGC French International Tournament
750,572,0,Provinciaal Kampioenschap Utrecht
751,573,0,Greek National Stratego Championship 2017
752,574,0,Kempens Kampioenschap Hulshout
753,575,0,Nederlandse Kampioenschappen
754,575,1,"Nederlandse Kampioenschappen, Jeugd"
755,576,0,Belgian Championship
756,577,0,Deutsche Meisterschaften
757,578,0,Ⅲ. Jaun Zuria Stratego Tournament
758,579,0,U.K. National Stratego Championship 2017
759,580,0,UniChristmas2017
760,581,0,EGC De Vos Recycling Grand Prix Final
761,582,0,Stratego Captains
762,583,0,Junior Christmas 2017
763,583,1,Junior Christmas 2017
764,584,0,Beker Van Westmeerbeek Senioren
765,584,1,Beker Van Westmeerbeek / Belgian Championship Juniors
766,585,0,Junior Cup Stratego (Stratego Cup Vlaanderen)
767,586,0,EGC Greek International Tournament
768,587,0,Beker van Hulshout
769,588,0,Provinciaal Kampioenschap Friesland
770,589,0,Giessen 2018
771,590,0,Pyrgos Battles 2018
772,591,0,Provinciaal Kampioenschap Utrecht
773,592,0,OPEN Athens
774,592,1,Tatoi-Athens in the café club “1929”
775,593,0,Beker van West-Vlaanderen
776,594,0,Open Patras Mar18 - A
777,594,1,Open Patras Mar18 - B
778,595,0,20. Bergische Meisterschaften
779,596,0,Provinciaal Kampioenschap Zuid-Holland
780,596,1,Provinciaal Kampioenschap Zuid-Holland
781,597,0,Beker van Limburg
782,598,0,Greek National Stratego Championship 2018
783,598,1,"Greek National Stratego Championship 2018, Juniors"
784,599,0,EGC Qualification Tournament Basque Country
785,600,0,Senior/Junior Tournament
786,601,0,EGC Grand Prix Brussel
787,602,0,Junior Tournament “Napoleon 4”
788,603,0,Vlaams kampioenschap junioren
789,604,0,19. Berliner Turnier
790,605,0,Championnat de Wallonie 2018
791,605,1,Championnat de Wallonie 2018
792,606,0,Vafopoulio
793,607,0,Ⅴ. Basque National Stratego Championship 2018
794,608,0,Premier Grand Prix de Vieux-Waleffe 2018 du 16/06/2018
795,609,0,Junior Tournament
796,610,0,Παναθηναικο
797,611,0,Provinciaal Kampioenschap Noord-Brabant
798,612,0,3rd Open Serres Tournament
799,613,0,EGC Dutch Open Tournament
800,614,0,Beker van Antwerpen 2018
801,615,0,Open Vlaams Kampioenschap
802,616,0,Mind Sport Olympiad
803,617,0,World Championships
804,617,1,"World Championships, Juniors"
805,618,0,"World Championships, Open Tournament"
806,619,0,9. Pfälzer Open
807,620,0,Provinciaal Kampioenschap Gelderland
808,621,0,EGC Flanders Grand-Prix
809,622,0,Junior Tournament
810,623,0,"Open Patras Oct2018, C1"
811,623,1,"Open Patras Oct2018, C2"
812,624,0,Nederlandse Kampioenschappen
813,624,1,"Nederlandse Kampioenschappen, Jeugd"
814,625,0,Belgian Championship
815,626,0,Deutsche Meisterschaften
816,627,0,Ⅳ. Jaun Zuria Stratego Tournament
817,628,0,Macedonia Tournament
818,629,0,Open Autumn 2018
819,630,0,EGC De Vos Recycling Grand Prix Final
820,631,0,Junior Christmas 2018 (junior)
821,631,1,UniStudent Christmas 2018
822,631,2,Junior Christmas 2018 (mini)
823,632,0,Турнір національної єдності (Tournament of the National Unity)
824,633,0,Christmas Tournament
825,634,0,Open Final BK Junioren
826,635,0,VAN GEFFEN DRUK: Masters of Stratego 2019
827,636,0,Provinciaal Kampioenschap Friesland
828,637,0,Patras Championship
829,638,0,PK Antwerpen
830,639,0,Provinciaal Kampioenschap Utrecht
831,640,0,Provinciaal Kampioenschap Limburg
832,641,0,Patras Battles 2019
833,641,1,Patras Battles 2019 Junior
834,642,0,EGC International tournament Flanders
835,643,0,1. Wiesbadener Turnier 2019
836,644,0,Provinciaal Kampioenschap Zuid-Holland
837,645,0,21. Bergische Meisterschaften
838,646,0,
839,647,0,GP Wallonie 2019
840,648,0,20. Berliner Turnier
841,649,0,Provinciaal Kampioenschap Noord-Brabant
842,650,0,Ⅵ. Basque National Stratego Championship 2019
843,651,0,1st Swiss Open Tournament
844,652,0,Open Athens Tournament
845,653,0,4th Serres Tournament
846,654,0,Open PK Vlaams-Brabant
847,655,0,World Championships
848,656,0,"World Championships, Juniors"
849,657,0,"World Championships, Open Tournament"
850,657,1,"World Championships, Team Competition"
851,658,0,10. Pfälzer Open
852,659,0,Provinciaal Kampioenschap Gelderland
853,660,0,Παναθηναικο
854,661,0,Tornooi Genk spellenfestival
855,662,0,BSC de baronnen jubileum toernooi
856,663,0,Greek National Stratego Championship 2019
857,663,1,Greek National Stratego Championship 2019
858,663,2,Greek National Stratego Championship 2019
859,664,0,Nederlandse Kampioenschappen
860,664,1,"Nederlandse Kampioenschappen, Jeugd"
861,665,0,Belgian Championship
862,666,0,Deutsche Meisterschaften
863,667,0,ⅴ. Jaun Zuria Stratego Tournament
